snp_id,rsid,gene,risk_allele,effect,evidence_strength,category
121,rs1805007,MC1R,T,"Associated with red hair, fair skin, and UV sensitivity",Strong,Pigmentation
122,rs2228479,MC1R,A,Affects UV response and pigmentation,Strong,Pigmentation
123,rs1126809,TYR,A,Affects melanin synthesis; linked to hyperpigmentation risk,Strong,Pigmentation
124,rs16891982,SLC45A2,G,Influences melanin production and pigmentation,Strong,Pigmentation
125,rs61816761,FLG,A,Loss-of-function variant linked to eczema and dry skin,Strong,Barrier Function
126,rs1800795,IL6,C,Influences inflammatory response; linked to acne/rosacea,Strong,Inflammation
127,rs361525,TNF-α,A,Modulates inflammation; impacts conditions like psoriasis,Strong,Inflammation
128,rs1800629,TNF-α,A,Pro-inflammatory variant exacerbates acne severity,Strong,Inflammation
129,rs13181,ERCC2,C,Impacts DNA repair capacity; linked to melanoma risk,Moderate,DNA Repair
130,rs1799750,MMP1,G,Affects collagen breakdown; linked to wrinkles and photoaging,Moderate,Collagen
131,rs1800012,COL1A1,T,Influences collagen type I synthesis; impacts skin elasticity,Moderate,Collagen
132,rs4880,SOD2,G,Modulates oxidative stress response; impacts UV-induced damage,Moderate,Antioxidant
133,rs1001179,CAT,A,Affects catalase activity; linked to reduced antioxidant protection,Moderate,Antioxidant
134,rs743572,CYP17A1,A,Regulates androgen synthesis; influences sebum production,Weak,Acne
135,rs2234693,ESR1,C,Estrogen receptor variant affecting skin thickness/hydration,Weak,Hormonal
136,rs73341169,ALDH3A2,A,Affects fatty aldehyde metabolism; linked to retinoid irritation,Weak,Sensitivity
137,rs2068888,CYP26A1,G,Influences retinoic acid metabolism; impacts retinoid efficacy,Weak,Sensitivity
138,rs17203410,HLA-DRA,A,Immune-related variant associated with rosacea risk,Weak,Rosacea
139,rs1799983,NOS3,T,Affects nitric oxide production; influences flushing,Weak,Vascular
140,rs1801260,CLOCK,C,Affects skin repair cycles; impacts nighttime product efficacy,Weak,Circadian
